,index,id,ancestor_list,origin_time,branch_length,name,Origin Time Lower Bound (Inclusive),Origin Time Upper Bound (Exclusive),Origin Time Estimate,Treatment,Algorithm
0,0,0,[None],20.5,20.5,Inner8,16.0,26.0,20.5,differentia=1+policy=RecencyProportionalResolution+target=4096,<function upgma at 0x7f9db0c46790>
1,1,1,[0],22.5,2.0,Inner6,18.0,28.0,22.5,differentia=1+policy=RecencyProportionalResolution+target=4096,<function upgma at 0x7f9db0c46790>
2,2,2,[1],5000.0,4977.5,47626,5000.0,5001.0,5000.0,differentia=1+policy=RecencyProportionalResolution+target=4096,<function upgma at 0x7f9db0c46790>
3,3,3,[1],26.5,4.0,Inner3,22.0,32.0,26.5,differentia=1+policy=RecencyProportionalResolution+target=4096,<function upgma at 0x7f9db0c46790>
4,4,4,[3],28.5,2.0,Inner2,24.0,34.0,28.5,differentia=1+policy=RecencyProportionalResolution+target=4096,<function upgma at 0x7f9db0c46790>
5,5,5,[4],5001.0,4972.5,47641,5001.0,5002.0,5001.0,differentia=1+policy=RecencyProportionalResolution+target=4096,<function upgma at 0x7f9db0c46790>
6,6,6,[4],32.5,4.0,Inner1,28.0,38.0,32.5,differentia=1+policy=RecencyProportionalResolution+target=4096,<function upgma at 0x7f9db0c46790>
7,7,7,[6],5001.0,4968.5,47639,5001.0,5002.0,5001.0,differentia=1+policy=RecencyProportionalResolution+target=4096,<function upgma at 0x7f9db0c46790>
8,8,8,[6],5001.0,4968.5,47642,5001.0,5002.0,5001.0,differentia=1+policy=RecencyProportionalResolution+target=4096,<function upgma at 0x7f9db0c46790>
9,9,9,[3],5001.0,4974.5,47643,5001.0,5002.0,5001.0,differentia=1+policy=RecencyProportionalResolution+target=4096,<function upgma at 0x7f9db0c46790>
10,10,10,[0],22.5,2.0,Inner7,18.0,28.0,22.5,differentia=1+policy=RecencyProportionalResolution+target=4096,<function upgma at 0x7f9db0c46790>
11,11,11,[10],24.5,2.0,Inner5,20.0,30.0,24.5,differentia=1+policy=RecencyProportionalResolution+target=4096,<function upgma at 0x7f9db0c46790>
12,12,12,[11],5000.0,4975.5,47633,5000.0,5001.0,5000.0,differentia=1+policy=RecencyProportionalResolution+target=4096,<function upgma at 0x7f9db0c46790>
13,13,13,[11],5001.0,4976.5,47640,5001.0,5002.0,5001.0,differentia=1+policy=RecencyProportionalResolution+target=4096,<function upgma at 0x7f9db0c46790>
14,14,14,[10],26.5,4.0,Inner4,22.0,32.0,26.5,differentia=1+policy=RecencyProportionalResolution+target=4096,<function upgma at 0x7f9db0c46790>
15,15,15,[14],5001.0,4974.5,47644,5001.0,5002.0,5001.0,differentia=1+policy=RecencyProportionalResolution+target=4096,<function upgma at 0x7f9db0c46790>
16,16,16,[14],5001.0,4974.5,47645,5001.0,5002.0,5001.0,differentia=1+policy=RecencyProportionalResolution+target=4096,<function upgma at 0x7f9db0c46790>
17,0,0,[None],127.5,127.5,Inner8,0.0,256.0,127.5,differentia=1+policy=RecencyProportionalResolution+target=512,<function upgma at 0x7f9db0c46790>
18,1,1,[0],127.5,0.0,Inner7,0.0,256.0,127.5,differentia=1+policy=RecencyProportionalResolution+target=512,<function upgma at 0x7f9db0c46790>
19,2,2,[1],127.5,0.0,Inner6,0.0,256.0,127.5,differentia=1+policy=RecencyProportionalResolution+target=512,<function upgma at 0x7f9db0c46790>
20,3,3,[2],127.5,0.0,Inner5,0.0,256.0,127.5,differentia=1+policy=RecencyProportionalResolution+target=512,<function upgma at 0x7f9db0c46790>
21,4,4,[3],127.5,0.0,Inner4,0.0,256.0,127.5,differentia=1+policy=RecencyProportionalResolution+target=512,<function upgma at 0x7f9db0c46790>
22,5,5,[4],127.5,0.0,Inner3,0.0,256.0,127.5,differentia=1+policy=RecencyProportionalResolution+target=512,<function upgma at 0x7f9db0c46790>
23,6,6,[5],5000.0,4872.5,47626,5000.0,5001.0,5000.0,differentia=1+policy=RecencyProportionalResolution+target=512,<function upgma at 0x7f9db0c46790>
24,7,7,[5],5000.0,4872.5,47633,5000.0,5001.0,5000.0,differentia=1+policy=RecencyProportionalResolution+target=512,<function upgma at 0x7f9db0c46790>
25,8,8,[4],5001.0,4873.5,47639,5001.0,5002.0,5001.0,differentia=1+policy=RecencyProportionalResolution+target=512,<function upgma at 0x7f9db0c46790>
26,9,9,[3],5001.0,4873.5,47641,5001.0,5002.0,5001.0,differentia=1+policy=RecencyProportionalResolution+target=512,<function upgma at 0x7f9db0c46790>
27,10,10,[2],159.5,32.0,Inner2,0.0,320.0,159.5,differentia=1+policy=RecencyProportionalResolution+target=512,<function upgma at 0x7f9db0c46790>
28,11,11,[10],5001.0,4841.5,47642,5001.0,5002.0,5001.0,differentia=1+policy=RecencyProportionalResolution+target=512,<function upgma at 0x7f9db0c46790>
29,12,12,[10],287.5,128.0,Inner1,128.0,448.0,287.5,differentia=1+policy=RecencyProportionalResolution+target=512,<function upgma at 0x7f9db0c46790>
30,13,13,[12],5001.0,4713.5,47640,5001.0,5002.0,5001.0,differentia=1+policy=RecencyProportionalResolution+target=512,<function upgma at 0x7f9db0c46790>
31,14,14,[12],5001.0,4713.5,47643,5001.0,5002.0,5001.0,differentia=1+policy=RecencyProportionalResolution+target=512,<function upgma at 0x7f9db0c46790>
32,15,15,[1],5001.0,4873.5,47644,5001.0,5002.0,5001.0,differentia=1+policy=RecencyProportionalResolution+target=512,<function upgma at 0x7f9db0c46790>
33,16,16,[0],5001.0,4873.5,47645,5001.0,5002.0,5001.0,differentia=1+policy=RecencyProportionalResolution+target=512,<function upgma at 0x7f9db0c46790>
34,0,0,[None],1023.5,1023.5,Inner8,0.0,2048.0,1023.5,differentia=1+policy=RecencyProportionalResolution+target=64,<function upgma at 0x7f9db0c46790>
35,1,1,[0],1023.5,0.0,Inner7,0.0,2048.0,1023.5,differentia=1+policy=RecencyProportionalResolution+target=64,<function upgma at 0x7f9db0c46790>
36,2,2,[1],1023.5,0.0,Inner6,0.0,2048.0,1023.5,differentia=1+policy=RecencyProportionalResolution+target=64,<function upgma at 0x7f9db0c46790>
37,3,3,[2],1023.5,0.0,Inner5,0.0,2048.0,1023.5,differentia=1+policy=RecencyProportionalResolution+target=64,<function upgma at 0x7f9db0c46790>
38,4,4,[3],1023.5,0.0,Inner4,0.0,2048.0,1023.5,differentia=1+policy=RecencyProportionalResolution+target=64,<function upgma at 0x7f9db0c46790>
39,5,5,[4],1023.5,0.0,Inner3,0.0,2048.0,1023.5,differentia=1+policy=RecencyProportionalResolution+target=64,<function upgma at 0x7f9db0c46790>
40,6,6,[5],5000.0,3976.5,47626,5000.0,5001.0,5000.0,differentia=1+policy=RecencyProportionalResolution+target=64,<function upgma at 0x7f9db0c46790>
41,7,7,[5],5000.0,3976.5,47633,5000.0,5001.0,5000.0,differentia=1+policy=RecencyProportionalResolution+target=64,<function upgma at 0x7f9db0c46790>
42,8,8,[4],5001.0,3977.5,47640,5001.0,5002.0,5001.0,differentia=1+policy=RecencyProportionalResolution+target=64,<function upgma at 0x7f9db0c46790>
43,9,9,[3],5001.0,3977.5,47641,5001.0,5002.0,5001.0,differentia=1+policy=RecencyProportionalResolution+target=64,<function upgma at 0x7f9db0c46790>
44,10,10,[2],5001.0,3977.5,47642,5001.0,5002.0,5001.0,differentia=1+policy=RecencyProportionalResolution+target=64,<function upgma at 0x7f9db0c46790>
45,11,11,[1],5001.0,3977.5,47644,5001.0,5002.0,5001.0,differentia=1+policy=RecencyProportionalResolution+target=64,<function upgma at 0x7f9db0c46790>
46,12,12,[0],1151.5,128.0,Inner2,0.0,2304.0,1151.5,differentia=1+policy=RecencyProportionalResolution+target=64,<function upgma at 0x7f9db0c46790>
47,13,13,[12],5001.0,3849.5,47639,5001.0,5002.0,5001.0,differentia=1+policy=RecencyProportionalResolution+target=64,<function upgma at 0x7f9db0c46790>
48,14,14,[12],3711.5,2560.0,Inner1,3328.0,4096.0,3711.5,differentia=1+policy=RecencyProportionalResolution+target=64,<function upgma at 0x7f9db0c46790>
49,15,15,[14],5001.0,1289.5,47643,5001.0,5002.0,5001.0,differentia=1+policy=RecencyProportionalResolution+target=64,<function upgma at 0x7f9db0c46790>
50,16,16,[14],5001.0,1289.5,47645,5001.0,5002.0,5001.0,differentia=1+policy=RecencyProportionalResolution+target=64,<function upgma at 0x7f9db0c46790>
51,0,0,[None],20.5,20.5,Inner8,16.0,26.0,20.5,differentia=1+policy=TaperedDepthProportionalResolution+target=4096,<function upgma at 0x7f9db0c46790>
52,1,1,[0],22.5,2.0,Inner7,18.0,28.0,22.5,differentia=1+policy=TaperedDepthProportionalResolution+target=4096,<function upgma at 0x7f9db0c46790>
53,2,2,[1],5001.0,4978.5,47641,5001.0,5002.0,5001.0,differentia=1+policy=TaperedDepthProportionalResolution+target=4096,<function upgma at 0x7f9db0c46790>
54,3,3,[1],24.5,2.0,Inner5,20.0,30.0,24.5,differentia=1+policy=TaperedDepthProportionalResolution+target=4096,<function upgma at 0x7f9db0c46790>
55,4,4,[3],5001.0,4976.5,47640,5001.0,5002.0,5001.0,differentia=1+policy=TaperedDepthProportionalResolution+target=4096,<function upgma at 0x7f9db0c46790>
56,5,5,[3],5001.0,4976.5,47644,5001.0,5002.0,5001.0,differentia=1+policy=TaperedDepthProportionalResolution+target=4096,<function upgma at 0x7f9db0c46790>
57,6,6,[0],22.5,2.0,Inner6,18.0,28.0,22.5,differentia=1+policy=TaperedDepthProportionalResolution+target=4096,<function upgma at 0x7f9db0c46790>
58,7,7,[6],24.5,2.0,Inner4,20.0,30.0,24.5,differentia=1+policy=TaperedDepthProportionalResolution+target=4096,<function upgma at 0x7f9db0c46790>
59,8,8,[7],26.5,2.0,Inner2,22.0,32.0,26.5,differentia=1+policy=TaperedDepthProportionalResolution+target=4096,<function upgma at 0x7f9db0c46790>
60,9,9,[8],5000.0,4973.5,47626,5000.0,5001.0,5000.0,differentia=1+policy=TaperedDepthProportionalResolution+target=4096,<function upgma at 0x7f9db0c46790>
61,10,10,[8],5001.0,4974.5,47639,5001.0,5002.0,5001.0,differentia=1+policy=TaperedDepthProportionalResolution+target=4096,<function upgma at 0x7f9db0c46790>
62,11,11,[7],5001.0,4976.5,47643,5001.0,5002.0,5001.0,differentia=1+policy=TaperedDepthProportionalResolution+target=4096,<function upgma at 0x7f9db0c46790>
63,12,12,[6],26.5,4.0,Inner3,22.0,32.0,26.5,differentia=1+policy=TaperedDepthProportionalResolution+target=4096,<function upgma at 0x7f9db0c46790>
64,13,13,[12],28.5,2.0,Inner1,24.0,34.0,28.5,differentia=1+policy=TaperedDepthProportionalResolution+target=4096,<function upgma at 0x7f9db0c46790>
65,14,14,[13],5000.0,4971.5,47633,5000.0,5001.0,5000.0,differentia=1+policy=TaperedDepthProportionalResolution+target=4096,<function upgma at 0x7f9db0c46790>
66,15,15,[13],5001.0,4972.5,47642,5001.0,5002.0,5001.0,differentia=1+policy=TaperedDepthProportionalResolution+target=4096,<function upgma at 0x7f9db0c46790>
67,16,16,[12],5001.0,4974.5,47645,5001.0,5002.0,5001.0,differentia=1+policy=TaperedDepthProportionalResolution+target=4096,<function upgma at 0x7f9db0c46790>
68,0,0,[None],31.5,31.5,Inner8,0.0,64.0,31.5,differentia=1+policy=TaperedDepthProportionalResolution+target=512,<function upgma at 0x7f9db0c46790>
69,1,1,[0],31.5,0.0,Inner7,0.0,64.0,31.5,differentia=1+policy=TaperedDepthProportionalResolution+target=512,<function upgma at 0x7f9db0c46790>
70,2,2,[1],31.5,0.0,Inner6,0.0,64.0,31.5,differentia=1+policy=TaperedDepthProportionalResolution+target=512,<function upgma at 0x7f9db0c46790>
71,3,3,[2],39.5,8.0,Inner3,0.0,80.0,39.5,differentia=1+policy=TaperedDepthProportionalResolution+target=512,<function upgma at 0x7f9db0c46790>
72,4,4,[3],5001.0,4961.5,47640,5001.0,5002.0,5001.0,differentia=1+policy=TaperedDepthProportionalResolution+target=512,<function upgma at 0x7f9db0c46790>
73,5,5,[3],5001.0,4961.5,47642,5001.0,5002.0,5001.0,differentia=1+policy=TaperedDepthProportionalResolution+target=512,<function upgma at 0x7f9db0c46790>
74,6,6,[2],31.5,0.0,Inner5,0.0,64.0,31.5,differentia=1+policy=TaperedDepthProportionalResolution+target=512,<function upgma at 0x7f9db0c46790>
75,7,7,[6],5001.0,4969.5,47641,5001.0,5002.0,5001.0,differentia=1+policy=TaperedDepthProportionalResolution+target=512,<function upgma at 0x7f9db0c46790>
76,8,8,[6],31.5,0.0,Inner4,0.0,64.0,31.5,differentia=1+policy=TaperedDepthProportionalResolution+target=512,<function upgma at 0x7f9db0c46790>
77,9,9,[8],5000.0,4968.5,47626,5000.0,5001.0,5000.0,differentia=1+policy=TaperedDepthProportionalResolution+target=512,<function upgma at 0x7f9db0c46790>
78,10,10,[8],71.5,40.0,Inner1,32.0,112.0,71.5,differentia=1+policy=TaperedDepthProportionalResolution+target=512,<function upgma at 0x7f9db0c46790>
79,11,11,[10],5000.0,4928.5,47633,5000.0,5001.0,5000.0,differentia=1+policy=TaperedDepthProportionalResolution+target=512,<function upgma at 0x7f9db0c46790>
80,12,12,[10],5001.0,4929.5,47643,5001.0,5002.0,5001.0,differentia=1+policy=TaperedDepthProportionalResolution+target=512,<function upgma at 0x7f9db0c46790>
81,13,13,[1],39.5,8.0,Inner2,0.0,80.0,39.5,differentia=1+policy=TaperedDepthProportionalResolution+target=512,<function upgma at 0x7f9db0c46790>
82,14,14,[13],5001.0,4961.5,47639,5001.0,5002.0,5001.0,differentia=1+policy=TaperedDepthProportionalResolution+target=512,<function upgma at 0x7f9db0c46790>
83,15,15,[13],5001.0,4961.5,47644,5001.0,5002.0,5001.0,differentia=1+policy=TaperedDepthProportionalResolution+target=512,<function upgma at 0x7f9db0c46790>
84,16,16,[0],5001.0,4969.5,47645,5001.0,5002.0,5001.0,differentia=1+policy=TaperedDepthProportionalResolution+target=512,<function upgma at 0x7f9db0c46790>
85,0,0,[None],255.5,255.5,Inner8,0.0,512.0,255.5,differentia=1+policy=TaperedDepthProportionalResolution+target=64,<function upgma at 0x7f9db0c46790>
86,1,1,[0],255.5,0.0,Inner7,0.0,512.0,255.5,differentia=1+policy=TaperedDepthProportionalResolution+target=64,<function upgma at 0x7f9db0c46790>
87,2,2,[1],255.5,0.0,Inner6,0.0,512.0,255.5,differentia=1+policy=TaperedDepthProportionalResolution+target=64,<function upgma at 0x7f9db0c46790>
88,3,3,[2],5001.0,4745.5,47642,5001.0,5002.0,5001.0,differentia=1+policy=TaperedDepthProportionalResolution+target=64,<function upgma at 0x7f9db0c46790>
89,4,4,[2],255.5,0.0,Inner5,0.0,512.0,255.5,differentia=1+policy=TaperedDepthProportionalResolution+target=64,<function upgma at 0x7f9db0c46790>
90,5,5,[4],831.5,576.0,Inner1,512.0,1152.0,831.5,differentia=1+policy=TaperedDepthProportionalResolution+target=64,<function upgma at 0x7f9db0c46790>
91,6,6,[5],5001.0,4169.5,47639,5001.0,5002.0,5001.0,differentia=1+policy=TaperedDepthProportionalResolution+target=64,<function upgma at 0x7f9db0c46790>
92,7,7,[5],5001.0,4169.5,47641,5001.0,5002.0,5001.0,differentia=1+policy=TaperedDepthProportionalResolution+target=64,<function upgma at 0x7f9db0c46790>
93,8,8,[4],255.5,0.0,Inner4,0.0,512.0,255.5,differentia=1+policy=TaperedDepthProportionalResolution+target=64,<function upgma at 0x7f9db0c46790>
94,9,9,[8],5001.0,4745.5,47640,5001.0,5002.0,5001.0,differentia=1+policy=TaperedDepthProportionalResolution+target=64,<function upgma at 0x7f9db0c46790>
95,10,10,[8],255.5,0.0,Inner3,0.0,512.0,255.5,differentia=1+policy=TaperedDepthProportionalResolution+target=64,<function upgma at 0x7f9db0c46790>
96,11,11,[10],5000.0,4744.5,47633,5000.0,5001.0,5000.0,differentia=1+policy=TaperedDepthProportionalResolution+target=64,<function upgma at 0x7f9db0c46790>
97,12,12,[10],319.5,64.0,Inner2,0.0,640.0,319.5,differentia=1+policy=TaperedDepthProportionalResolution+target=64,<function upgma at 0x7f9db0c46790>
98,13,13,[12],5000.0,4680.5,47626,5000.0,5001.0,5000.0,differentia=1+policy=TaperedDepthProportionalResolution+target=64,<function upgma at 0x7f9db0c46790>
99,14,14,[12],5001.0,4681.5,47643,5001.0,5002.0,5001.0,differentia=1+policy=TaperedDepthProportionalResolution+target=64,<function upgma at 0x7f9db0c46790>
100,15,15,[1],5001.0,4745.5,47644,5001.0,5002.0,5001.0,differentia=1+policy=TaperedDepthProportionalResolution+target=64,<function upgma at 0x7f9db0c46790>
101,16,16,[0],5001.0,4745.5,47645,5001.0,5002.0,5001.0,differentia=1+policy=TaperedDepthProportionalResolution+target=64,<function upgma at 0x7f9db0c46790>
102,0,0,[None],255.5,255.5,Inner8,0.0,512.0,255.5,differentia=64+policy=RecencyProportionalResolution+target=4096,<function upgma at 0x7f9db0c46790>
103,1,1,[0],255.5,0.0,Inner7,0.0,512.0,255.5,differentia=64+policy=RecencyProportionalResolution+target=4096,<function upgma at 0x7f9db0c46790>
104,2,2,[1],255.5,0.0,Inner6,0.0,512.0,255.5,differentia=64+policy=RecencyProportionalResolution+target=4096,<function upgma at 0x7f9db0c46790>
105,3,3,[2],255.5,0.0,Inner5,0.0,512.0,255.5,differentia=64+policy=RecencyProportionalResolution+target=4096,<function upgma at 0x7f9db0c46790>
106,4,4,[3],255.5,0.0,Inner4,0.0,512.0,255.5,differentia=64+policy=RecencyProportionalResolution+target=4096,<function upgma at 0x7f9db0c46790>
107,5,5,[4],255.5,0.0,Inner3,0.0,512.0,255.5,differentia=64+policy=RecencyProportionalResolution+target=4096,<function upgma at 0x7f9db0c46790>
108,6,6,[5],255.5,0.0,Inner2,0.0,512.0,255.5,differentia=64+policy=RecencyProportionalResolution+target=4096,<function upgma at 0x7f9db0c46790>
109,7,7,[6],255.5,0.0,Inner1,0.0,512.0,255.5,differentia=64+policy=RecencyProportionalResolution+target=4096,<function upgma at 0x7f9db0c46790>
110,8,8,[7],5000.0,4744.5,47626,5000.0,5001.0,5000.0,differentia=64+policy=RecencyProportionalResolution+target=4096,<function upgma at 0x7f9db0c46790>
111,9,9,[7],5000.0,4744.5,47633,5000.0,5001.0,5000.0,differentia=64+policy=RecencyProportionalResolution+target=4096,<function upgma at 0x7f9db0c46790>
112,10,10,[6],5001.0,4745.5,47639,5001.0,5002.0,5001.0,differentia=64+policy=RecencyProportionalResolution+target=4096,<function upgma at 0x7f9db0c46790>
113,11,11,[5],5001.0,4745.5,47640,5001.0,5002.0,5001.0,differentia=64+policy=RecencyProportionalResolution+target=4096,<function upgma at 0x7f9db0c46790>
114,12,12,[4],5001.0,4745.5,47641,5001.0,5002.0,5001.0,differentia=64+policy=RecencyProportionalResolution+target=4096,<function upgma at 0x7f9db0c46790>
115,13,13,[3],5001.0,4745.5,47642,5001.0,5002.0,5001.0,differentia=64+policy=RecencyProportionalResolution+target=4096,<function upgma at 0x7f9db0c46790>
116,14,14,[2],5001.0,4745.5,47643,5001.0,5002.0,5001.0,differentia=64+policy=RecencyProportionalResolution+target=4096,<function upgma at 0x7f9db0c46790>
117,15,15,[1],5001.0,4745.5,47644,5001.0,5002.0,5001.0,differentia=64+policy=RecencyProportionalResolution+target=4096,<function upgma at 0x7f9db0c46790>
118,16,16,[0],5001.0,4745.5,47645,5001.0,5002.0,5001.0,differentia=64+policy=RecencyProportionalResolution+target=4096,<function upgma at 0x7f9db0c46790>
119,0,0,[None],2047.5,2047.5,Inner8,0.0,4096.0,2047.5,differentia=64+policy=RecencyProportionalResolution+target=512,<function upgma at 0x7f9db0c46790>
120,1,1,[0],2047.5,0.0,Inner7,0.0,4096.0,2047.5,differentia=64+policy=RecencyProportionalResolution+target=512,<function upgma at 0x7f9db0c46790>
121,2,2,[1],2047.5,0.0,Inner6,0.0,4096.0,2047.5,differentia=64+policy=RecencyProportionalResolution+target=512,<function upgma at 0x7f9db0c46790>
122,3,3,[2],2047.5,0.0,Inner5,0.0,4096.0,2047.5,differentia=64+policy=RecencyProportionalResolution+target=512,<function upgma at 0x7f9db0c46790>
123,4,4,[3],2047.5,0.0,Inner4,0.0,4096.0,2047.5,differentia=64+policy=RecencyProportionalResolution+target=512,<function upgma at 0x7f9db0c46790>
124,5,5,[4],2047.5,0.0,Inner3,0.0,4096.0,2047.5,differentia=64+policy=RecencyProportionalResolution+target=512,<function upgma at 0x7f9db0c46790>
125,6,6,[5],2047.5,0.0,Inner2,0.0,4096.0,2047.5,differentia=64+policy=RecencyProportionalResolution+target=512,<function upgma at 0x7f9db0c46790>
126,7,7,[6],2047.5,0.0,Inner1,0.0,4096.0,2047.5,differentia=64+policy=RecencyProportionalResolution+target=512,<function upgma at 0x7f9db0c46790>
127,8,8,[7],5000.0,2952.5,47626,5000.0,5001.0,5000.0,differentia=64+policy=RecencyProportionalResolution+target=512,<function upgma at 0x7f9db0c46790>
128,9,9,[7],5000.0,2952.5,47633,5000.0,5001.0,5000.0,differentia=64+policy=RecencyProportionalResolution+target=512,<function upgma at 0x7f9db0c46790>
129,10,10,[6],5001.0,2953.5,47639,5001.0,5002.0,5001.0,differentia=64+policy=RecencyProportionalResolution+target=512,<function upgma at 0x7f9db0c46790>
130,11,11,[5],5001.0,2953.5,47640,5001.0,5002.0,5001.0,differentia=64+policy=RecencyProportionalResolution+target=512,<function upgma at 0x7f9db0c46790>
131,12,12,[4],5001.0,2953.5,47641,5001.0,5002.0,5001.0,differentia=64+policy=RecencyProportionalResolution+target=512,<function upgma at 0x7f9db0c46790>
132,13,13,[3],5001.0,2953.5,47642,5001.0,5002.0,5001.0,differentia=64+policy=RecencyProportionalResolution+target=512,<function upgma at 0x7f9db0c46790>
133,14,14,[2],5001.0,2953.5,47643,5001.0,5002.0,5001.0,differentia=64+policy=RecencyProportionalResolution+target=512,<function upgma at 0x7f9db0c46790>
134,15,15,[1],5001.0,2953.5,47644,5001.0,5002.0,5001.0,differentia=64+policy=RecencyProportionalResolution+target=512,<function upgma at 0x7f9db0c46790>
135,16,16,[0],5001.0,2953.5,47645,5001.0,5002.0,5001.0,differentia=64+policy=RecencyProportionalResolution+target=512,<function upgma at 0x7f9db0c46790>
136,0,0,[None],2047.5,2047.5,Inner8,0.0,4096.0,2047.5,differentia=64+policy=RecencyProportionalResolution+target=64,<function upgma at 0x7f9db0c46790>
137,1,1,[0],2047.5,0.0,Inner7,0.0,4096.0,2047.5,differentia=64+policy=RecencyProportionalResolution+target=64,<function upgma at 0x7f9db0c46790>
138,2,2,[1],2047.5,0.0,Inner6,0.0,4096.0,2047.5,differentia=64+policy=RecencyProportionalResolution+target=64,<function upgma at 0x7f9db0c46790>
139,3,3,[2],2047.5,0.0,Inner5,0.0,4096.0,2047.5,differentia=64+policy=RecencyProportionalResolution+target=64,<function upgma at 0x7f9db0c46790>
140,4,4,[3],2047.5,0.0,Inner4,0.0,4096.0,2047.5,differentia=64+policy=RecencyProportionalResolution+target=64,<function upgma at 0x7f9db0c46790>
141,5,5,[4],2047.5,0.0,Inner3,0.0,4096.0,2047.5,differentia=64+policy=RecencyProportionalResolution+target=64,<function upgma at 0x7f9db0c46790>
142,6,6,[5],2047.5,0.0,Inner2,0.0,4096.0,2047.5,differentia=64+policy=RecencyProportionalResolution+target=64,<function upgma at 0x7f9db0c46790>
143,7,7,[6],2047.5,0.0,Inner1,0.0,4096.0,2047.5,differentia=64+policy=RecencyProportionalResolution+target=64,<function upgma at 0x7f9db0c46790>
144,8,8,[7],5000.0,2952.5,47626,5000.0,5001.0,5000.0,differentia=64+policy=RecencyProportionalResolution+target=64,<function upgma at 0x7f9db0c46790>
145,9,9,[7],5000.0,2952.5,47633,5000.0,5001.0,5000.0,differentia=64+policy=RecencyProportionalResolution+target=64,<function upgma at 0x7f9db0c46790>
146,10,10,[6],5001.0,2953.5,47639,5001.0,5002.0,5001.0,differentia=64+policy=RecencyProportionalResolution+target=64,<function upgma at 0x7f9db0c46790>
147,11,11,[5],5001.0,2953.5,47640,5001.0,5002.0,5001.0,differentia=64+policy=RecencyProportionalResolution+target=64,<function upgma at 0x7f9db0c46790>
148,12,12,[4],5001.0,2953.5,47641,5001.0,5002.0,5001.0,differentia=64+policy=RecencyProportionalResolution+target=64,<function upgma at 0x7f9db0c46790>
149,13,13,[3],5001.0,2953.5,47642,5001.0,5002.0,5001.0,differentia=64+policy=RecencyProportionalResolution+target=64,<function upgma at 0x7f9db0c46790>
150,14,14,[2],5001.0,2953.5,47643,5001.0,5002.0,5001.0,differentia=64+policy=RecencyProportionalResolution+target=64,<function upgma at 0x7f9db0c46790>
151,15,15,[1],5001.0,2953.5,47644,5001.0,5002.0,5001.0,differentia=64+policy=RecencyProportionalResolution+target=64,<function upgma at 0x7f9db0c46790>
152,16,16,[0],5001.0,2953.5,47645,5001.0,5002.0,5001.0,differentia=64+policy=RecencyProportionalResolution+target=64,<function upgma at 0x7f9db0c46790>
153,0,0,[None],63.5,63.5,Inner8,0.0,128.0,63.5,differentia=64+policy=TaperedDepthProportionalResolution+target=4096,<function upgma at 0x7f9db0c46790>
154,1,1,[0],63.5,0.0,Inner7,0.0,128.0,63.5,differentia=64+policy=TaperedDepthProportionalResolution+target=4096,<function upgma at 0x7f9db0c46790>
155,2,2,[1],63.5,0.0,Inner6,0.0,128.0,63.5,differentia=64+policy=TaperedDepthProportionalResolution+target=4096,<function upgma at 0x7f9db0c46790>
156,3,3,[2],63.5,0.0,Inner5,0.0,128.0,63.5,differentia=64+policy=TaperedDepthProportionalResolution+target=4096,<function upgma at 0x7f9db0c46790>
157,4,4,[3],63.5,0.0,Inner4,0.0,128.0,63.5,differentia=64+policy=TaperedDepthProportionalResolution+target=4096,<function upgma at 0x7f9db0c46790>
158,5,5,[4],63.5,0.0,Inner3,0.0,128.0,63.5,differentia=64+policy=TaperedDepthProportionalResolution+target=4096,<function upgma at 0x7f9db0c46790>
159,6,6,[5],63.5,0.0,Inner2,0.0,128.0,63.5,differentia=64+policy=TaperedDepthProportionalResolution+target=4096,<function upgma at 0x7f9db0c46790>
160,7,7,[6],63.5,0.0,Inner1,0.0,128.0,63.5,differentia=64+policy=TaperedDepthProportionalResolution+target=4096,<function upgma at 0x7f9db0c46790>
161,8,8,[7],5000.0,4936.5,47626,5000.0,5001.0,5000.0,differentia=64+policy=TaperedDepthProportionalResolution+target=4096,<function upgma at 0x7f9db0c46790>
162,9,9,[7],5000.0,4936.5,47633,5000.0,5001.0,5000.0,differentia=64+policy=TaperedDepthProportionalResolution+target=4096,<function upgma at 0x7f9db0c46790>
163,10,10,[6],5001.0,4937.5,47639,5001.0,5002.0,5001.0,differentia=64+policy=TaperedDepthProportionalResolution+target=4096,<function upgma at 0x7f9db0c46790>
164,11,11,[5],5001.0,4937.5,47640,5001.0,5002.0,5001.0,differentia=64+policy=TaperedDepthProportionalResolution+target=4096,<function upgma at 0x7f9db0c46790>
165,12,12,[4],5001.0,4937.5,47641,5001.0,5002.0,5001.0,differentia=64+policy=TaperedDepthProportionalResolution+target=4096,<function upgma at 0x7f9db0c46790>
166,13,13,[3],5001.0,4937.5,47642,5001.0,5002.0,5001.0,differentia=64+policy=TaperedDepthProportionalResolution+target=4096,<function upgma at 0x7f9db0c46790>
167,14,14,[2],5001.0,4937.5,47643,5001.0,5002.0,5001.0,differentia=64+policy=TaperedDepthProportionalResolution+target=4096,<function upgma at 0x7f9db0c46790>
168,15,15,[1],5001.0,4937.5,47644,5001.0,5002.0,5001.0,differentia=64+policy=TaperedDepthProportionalResolution+target=4096,<function upgma at 0x7f9db0c46790>
169,16,16,[0],5001.0,4937.5,47645,5001.0,5002.0,5001.0,differentia=64+policy=TaperedDepthProportionalResolution+target=4096,<function upgma at 0x7f9db0c46790>
170,0,0,[None],511.5,511.5,Inner8,0.0,1024.0,511.5,differentia=64+policy=TaperedDepthProportionalResolution+target=512,<function upgma at 0x7f9db0c46790>
171,1,1,[0],511.5,0.0,Inner7,0.0,1024.0,511.5,differentia=64+policy=TaperedDepthProportionalResolution+target=512,<function upgma at 0x7f9db0c46790>
172,2,2,[1],511.5,0.0,Inner6,0.0,1024.0,511.5,differentia=64+policy=TaperedDepthProportionalResolution+target=512,<function upgma at 0x7f9db0c46790>
173,3,3,[2],511.5,0.0,Inner5,0.0,1024.0,511.5,differentia=64+policy=TaperedDepthProportionalResolution+target=512,<function upgma at 0x7f9db0c46790>
174,4,4,[3],511.5,0.0,Inner4,0.0,1024.0,511.5,differentia=64+policy=TaperedDepthProportionalResolution+target=512,<function upgma at 0x7f9db0c46790>
175,5,5,[4],511.5,0.0,Inner3,0.0,1024.0,511.5,differentia=64+policy=TaperedDepthProportionalResolution+target=512,<function upgma at 0x7f9db0c46790>
176,6,6,[5],511.5,0.0,Inner2,0.0,1024.0,511.5,differentia=64+policy=TaperedDepthProportionalResolution+target=512,<function upgma at 0x7f9db0c46790>
177,7,7,[6],511.5,0.0,Inner1,0.0,1024.0,511.5,differentia=64+policy=TaperedDepthProportionalResolution+target=512,<function upgma at 0x7f9db0c46790>
178,8,8,[7],5000.0,4488.5,47626,5000.0,5001.0,5000.0,differentia=64+policy=TaperedDepthProportionalResolution+target=512,<function upgma at 0x7f9db0c46790>
179,9,9,[7],5000.0,4488.5,47633,5000.0,5001.0,5000.0,differentia=64+policy=TaperedDepthProportionalResolution+target=512,<function upgma at 0x7f9db0c46790>
180,10,10,[6],5001.0,4489.5,47639,5001.0,5002.0,5001.0,differentia=64+policy=TaperedDepthProportionalResolution+target=512,<function upgma at 0x7f9db0c46790>
181,11,11,[5],5001.0,4489.5,47640,5001.0,5002.0,5001.0,differentia=64+policy=TaperedDepthProportionalResolution+target=512,<function upgma at 0x7f9db0c46790>
182,12,12,[4],5001.0,4489.5,47641,5001.0,5002.0,5001.0,differentia=64+policy=TaperedDepthProportionalResolution+target=512,<function upgma at 0x7f9db0c46790>
183,13,13,[3],5001.0,4489.5,47642,5001.0,5002.0,5001.0,differentia=64+policy=TaperedDepthProportionalResolution+target=512,<function upgma at 0x7f9db0c46790>
184,14,14,[2],5001.0,4489.5,47643,5001.0,5002.0,5001.0,differentia=64+policy=TaperedDepthProportionalResolution+target=512,<function upgma at 0x7f9db0c46790>
185,15,15,[1],5001.0,4489.5,47644,5001.0,5002.0,5001.0,differentia=64+policy=TaperedDepthProportionalResolution+target=512,<function upgma at 0x7f9db0c46790>
186,16,16,[0],5001.0,4489.5,47645,5001.0,5002.0,5001.0,differentia=64+policy=TaperedDepthProportionalResolution+target=512,<function upgma at 0x7f9db0c46790>
187,0,0,[None],2047.5,2047.5,Inner8,0.0,4096.0,2047.5,differentia=64+policy=TaperedDepthProportionalResolution+target=64,<function upgma at 0x7f9db0c46790>
188,1,1,[0],2047.5,0.0,Inner7,0.0,4096.0,2047.5,differentia=64+policy=TaperedDepthProportionalResolution+target=64,<function upgma at 0x7f9db0c46790>
189,2,2,[1],2047.5,0.0,Inner6,0.0,4096.0,2047.5,differentia=64+policy=TaperedDepthProportionalResolution+target=64,<function upgma at 0x7f9db0c46790>
190,3,3,[2],2047.5,0.0,Inner5,0.0,4096.0,2047.5,differentia=64+policy=TaperedDepthProportionalResolution+target=64,<function upgma at 0x7f9db0c46790>
191,4,4,[3],2047.5,0.0,Inner4,0.0,4096.0,2047.5,differentia=64+policy=TaperedDepthProportionalResolution+target=64,<function upgma at 0x7f9db0c46790>
192,5,5,[4],2047.5,0.0,Inner3,0.0,4096.0,2047.5,differentia=64+policy=TaperedDepthProportionalResolution+target=64,<function upgma at 0x7f9db0c46790>
193,6,6,[5],2047.5,0.0,Inner2,0.0,4096.0,2047.5,differentia=64+policy=TaperedDepthProportionalResolution+target=64,<function upgma at 0x7f9db0c46790>
194,7,7,[6],2047.5,0.0,Inner1,0.0,4096.0,2047.5,differentia=64+policy=TaperedDepthProportionalResolution+target=64,<function upgma at 0x7f9db0c46790>
195,8,8,[7],5000.0,2952.5,47626,5000.0,5001.0,5000.0,differentia=64+policy=TaperedDepthProportionalResolution+target=64,<function upgma at 0x7f9db0c46790>
196,9,9,[7],5000.0,2952.5,47633,5000.0,5001.0,5000.0,differentia=64+policy=TaperedDepthProportionalResolution+target=64,<function upgma at 0x7f9db0c46790>
197,10,10,[6],5001.0,2953.5,47639,5001.0,5002.0,5001.0,differentia=64+policy=TaperedDepthProportionalResolution+target=64,<function upgma at 0x7f9db0c46790>
198,11,11,[5],5001.0,2953.5,47640,5001.0,5002.0,5001.0,differentia=64+policy=TaperedDepthProportionalResolution+target=64,<function upgma at 0x7f9db0c46790>
199,12,12,[4],5001.0,2953.5,47641,5001.0,5002.0,5001.0,differentia=64+policy=TaperedDepthProportionalResolution+target=64,<function upgma at 0x7f9db0c46790>
200,13,13,[3],5001.0,2953.5,47642,5001.0,5002.0,5001.0,differentia=64+policy=TaperedDepthProportionalResolution+target=64,<function upgma at 0x7f9db0c46790>
201,14,14,[2],5001.0,2953.5,47643,5001.0,5002.0,5001.0,differentia=64+policy=TaperedDepthProportionalResolution+target=64,<function upgma at 0x7f9db0c46790>
202,15,15,[1],5001.0,2953.5,47644,5001.0,5002.0,5001.0,differentia=64+policy=TaperedDepthProportionalResolution+target=64,<function upgma at 0x7f9db0c46790>
203,16,16,[0],5001.0,2953.5,47645,5001.0,5002.0,5001.0,differentia=64+policy=TaperedDepthProportionalResolution+target=64,<function upgma at 0x7f9db0c46790>
204,0,0,[None],31.5,31.5,Inner8,0.0,64.0,31.5,differentia=8+policy=RecencyProportionalResolution+target=4096,<function upgma at 0x7f9db0c46790>
205,1,1,[0],31.5,0.0,Inner7,0.0,64.0,31.5,differentia=8+policy=RecencyProportionalResolution+target=4096,<function upgma at 0x7f9db0c46790>
206,2,2,[1],31.5,0.0,Inner6,0.0,64.0,31.5,differentia=8+policy=RecencyProportionalResolution+target=4096,<function upgma at 0x7f9db0c46790>
207,3,3,[2],31.5,0.0,Inner5,0.0,64.0,31.5,differentia=8+policy=RecencyProportionalResolution+target=4096,<function upgma at 0x7f9db0c46790>
208,4,4,[3],31.5,0.0,Inner4,0.0,64.0,31.5,differentia=8+policy=RecencyProportionalResolution+target=4096,<function upgma at 0x7f9db0c46790>
209,5,5,[4],31.5,0.0,Inner3,0.0,64.0,31.5,differentia=8+policy=RecencyProportionalResolution+target=4096,<function upgma at 0x7f9db0c46790>
210,6,6,[5],31.5,0.0,Inner2,0.0,64.0,31.5,differentia=8+policy=RecencyProportionalResolution+target=4096,<function upgma at 0x7f9db0c46790>
211,7,7,[6],31.5,0.0,Inner1,0.0,64.0,31.5,differentia=8+policy=RecencyProportionalResolution+target=4096,<function upgma at 0x7f9db0c46790>
212,8,8,[7],5000.0,4968.5,47626,5000.0,5001.0,5000.0,differentia=8+policy=RecencyProportionalResolution+target=4096,<function upgma at 0x7f9db0c46790>
213,9,9,[7],5000.0,4968.5,47633,5000.0,5001.0,5000.0,differentia=8+policy=RecencyProportionalResolution+target=4096,<function upgma at 0x7f9db0c46790>
214,10,10,[6],5001.0,4969.5,47639,5001.0,5002.0,5001.0,differentia=8+policy=RecencyProportionalResolution+target=4096,<function upgma at 0x7f9db0c46790>
215,11,11,[5],5001.0,4969.5,47640,5001.0,5002.0,5001.0,differentia=8+policy=RecencyProportionalResolution+target=4096,<function upgma at 0x7f9db0c46790>
216,12,12,[4],5001.0,4969.5,47641,5001.0,5002.0,5001.0,differentia=8+policy=RecencyProportionalResolution+target=4096,<function upgma at 0x7f9db0c46790>
217,13,13,[3],5001.0,4969.5,47642,5001.0,5002.0,5001.0,differentia=8+policy=RecencyProportionalResolution+target=4096,<function upgma at 0x7f9db0c46790>
218,14,14,[2],5001.0,4969.5,47643,5001.0,5002.0,5001.0,differentia=8+policy=RecencyProportionalResolution+target=4096,<function upgma at 0x7f9db0c46790>
219,15,15,[1],5001.0,4969.5,47644,5001.0,5002.0,5001.0,differentia=8+policy=RecencyProportionalResolution+target=4096,<function upgma at 0x7f9db0c46790>
220,16,16,[0],5001.0,4969.5,47645,5001.0,5002.0,5001.0,differentia=8+policy=RecencyProportionalResolution+target=4096,<function upgma at 0x7f9db0c46790>
221,0,0,[None],255.5,255.5,Inner8,0.0,512.0,255.5,differentia=8+policy=RecencyProportionalResolution+target=512,<function upgma at 0x7f9db0c46790>
222,1,1,[0],255.5,0.0,Inner7,0.0,512.0,255.5,differentia=8+policy=RecencyProportionalResolution+target=512,<function upgma at 0x7f9db0c46790>
223,2,2,[1],255.5,0.0,Inner6,0.0,512.0,255.5,differentia=8+policy=RecencyProportionalResolution+target=512,<function upgma at 0x7f9db0c46790>
224,3,3,[2],255.5,0.0,Inner5,0.0,512.0,255.5,differentia=8+policy=RecencyProportionalResolution+target=512,<function upgma at 0x7f9db0c46790>
225,4,4,[3],255.5,0.0,Inner4,0.0,512.0,255.5,differentia=8+policy=RecencyProportionalResolution+target=512,<function upgma at 0x7f9db0c46790>
226,5,5,[4],255.5,0.0,Inner3,0.0,512.0,255.5,differentia=8+policy=RecencyProportionalResolution+target=512,<function upgma at 0x7f9db0c46790>
227,6,6,[5],255.5,0.0,Inner2,0.0,512.0,255.5,differentia=8+policy=RecencyProportionalResolution+target=512,<function upgma at 0x7f9db0c46790>
228,7,7,[6],255.5,0.0,Inner1,0.0,512.0,255.5,differentia=8+policy=RecencyProportionalResolution+target=512,<function upgma at 0x7f9db0c46790>
229,8,8,[7],5000.0,4744.5,47626,5000.0,5001.0,5000.0,differentia=8+policy=RecencyProportionalResolution+target=512,<function upgma at 0x7f9db0c46790>
230,9,9,[7],5000.0,4744.5,47633,5000.0,5001.0,5000.0,differentia=8+policy=RecencyProportionalResolution+target=512,<function upgma at 0x7f9db0c46790>
231,10,10,[6],5001.0,4745.5,47639,5001.0,5002.0,5001.0,differentia=8+policy=RecencyProportionalResolution+target=512,<function upgma at 0x7f9db0c46790>
232,11,11,[5],5001.0,4745.5,47640,5001.0,5002.0,5001.0,differentia=8+policy=RecencyProportionalResolution+target=512,<function upgma at 0x7f9db0c46790>
233,12,12,[4],5001.0,4745.5,47641,5001.0,5002.0,5001.0,differentia=8+policy=RecencyProportionalResolution+target=512,<function upgma at 0x7f9db0c46790>
234,13,13,[3],5001.0,4745.5,47642,5001.0,5002.0,5001.0,differentia=8+policy=RecencyProportionalResolution+target=512,<function upgma at 0x7f9db0c46790>
235,14,14,[2],5001.0,4745.5,47643,5001.0,5002.0,5001.0,differentia=8+policy=RecencyProportionalResolution+target=512,<function upgma at 0x7f9db0c46790>
236,15,15,[1],5001.0,4745.5,47644,5001.0,5002.0,5001.0,differentia=8+policy=RecencyProportionalResolution+target=512,<function upgma at 0x7f9db0c46790>
237,16,16,[0],5001.0,4745.5,47645,5001.0,5002.0,5001.0,differentia=8+policy=RecencyProportionalResolution+target=512,<function upgma at 0x7f9db0c46790>
238,0,0,[None],2047.5,2047.5,Inner8,0.0,4096.0,2047.5,differentia=8+policy=RecencyProportionalResolution+target=64,<function upgma at 0x7f9db0c46790>
239,1,1,[0],2047.5,0.0,Inner7,0.0,4096.0,2047.5,differentia=8+policy=RecencyProportionalResolution+target=64,<function upgma at 0x7f9db0c46790>
240,2,2,[1],2047.5,0.0,Inner6,0.0,4096.0,2047.5,differentia=8+policy=RecencyProportionalResolution+target=64,<function upgma at 0x7f9db0c46790>
241,3,3,[2],2047.5,0.0,Inner5,0.0,4096.0,2047.5,differentia=8+policy=RecencyProportionalResolution+target=64,<function upgma at 0x7f9db0c46790>
242,4,4,[3],2047.5,0.0,Inner4,0.0,4096.0,2047.5,differentia=8+policy=RecencyProportionalResolution+target=64,<function upgma at 0x7f9db0c46790>
243,5,5,[4],2047.5,0.0,Inner3,0.0,4096.0,2047.5,differentia=8+policy=RecencyProportionalResolution+target=64,<function upgma at 0x7f9db0c46790>
244,6,6,[5],2047.5,0.0,Inner2,0.0,4096.0,2047.5,differentia=8+policy=RecencyProportionalResolution+target=64,<function upgma at 0x7f9db0c46790>
245,7,7,[6],2047.5,0.0,Inner1,0.0,4096.0,2047.5,differentia=8+policy=RecencyProportionalResolution+target=64,<function upgma at 0x7f9db0c46790>
246,8,8,[7],5000.0,2952.5,47626,5000.0,5001.0,5000.0,differentia=8+policy=RecencyProportionalResolution+target=64,<function upgma at 0x7f9db0c46790>
247,9,9,[7],5000.0,2952.5,47633,5000.0,5001.0,5000.0,differentia=8+policy=RecencyProportionalResolution+target=64,<function upgma at 0x7f9db0c46790>
248,10,10,[6],5001.0,2953.5,47639,5001.0,5002.0,5001.0,differentia=8+policy=RecencyProportionalResolution+target=64,<function upgma at 0x7f9db0c46790>
249,11,11,[5],5001.0,2953.5,47640,5001.0,5002.0,5001.0,differentia=8+policy=RecencyProportionalResolution+target=64,<function upgma at 0x7f9db0c46790>
250,12,12,[4],5001.0,2953.5,47641,5001.0,5002.0,5001.0,differentia=8+policy=RecencyProportionalResolution+target=64,<function upgma at 0x7f9db0c46790>
251,13,13,[3],5001.0,2953.5,47642,5001.0,5002.0,5001.0,differentia=8+policy=RecencyProportionalResolution+target=64,<function upgma at 0x7f9db0c46790>
252,14,14,[2],5001.0,2953.5,47643,5001.0,5002.0,5001.0,differentia=8+policy=RecencyProportionalResolution+target=64,<function upgma at 0x7f9db0c46790>
253,15,15,[1],5001.0,2953.5,47644,5001.0,5002.0,5001.0,differentia=8+policy=RecencyProportionalResolution+target=64,<function upgma at 0x7f9db0c46790>
254,16,16,[0],5001.0,2953.5,47645,5001.0,5002.0,5001.0,differentia=8+policy=RecencyProportionalResolution+target=64,<function upgma at 0x7f9db0c46790>
255,0,0,[None],23.5,23.5,Inner8,16.0,32.0,23.5,differentia=8+policy=TaperedDepthProportionalResolution+target=4096,<function upgma at 0x7f9db0c46790>
256,1,1,[0],23.5,0.0,Inner7,16.0,32.0,23.5,differentia=8+policy=TaperedDepthProportionalResolution+target=4096,<function upgma at 0x7f9db0c46790>
257,2,2,[1],23.5,0.0,Inner6,16.0,32.0,23.5,differentia=8+policy=TaperedDepthProportionalResolution+target=4096,<function upgma at 0x7f9db0c46790>
258,3,3,[2],23.5,0.0,Inner5,16.0,32.0,23.5,differentia=8+policy=TaperedDepthProportionalResolution+target=4096,<function upgma at 0x7f9db0c46790>
259,4,4,[3],23.5,0.0,Inner4,16.0,32.0,23.5,differentia=8+policy=TaperedDepthProportionalResolution+target=4096,<function upgma at 0x7f9db0c46790>
260,5,5,[4],5001.0,4977.5,47640,5001.0,5002.0,5001.0,differentia=8+policy=TaperedDepthProportionalResolution+target=4096,<function upgma at 0x7f9db0c46790>
261,6,6,[4],23.5,0.0,Inner3,16.0,32.0,23.5,differentia=8+policy=TaperedDepthProportionalResolution+target=4096,<function upgma at 0x7f9db0c46790>
262,7,7,[6],5001.0,4977.5,47639,5001.0,5002.0,5001.0,differentia=8+policy=TaperedDepthProportionalResolution+target=4096,<function upgma at 0x7f9db0c46790>
263,8,8,[6],23.5,0.0,Inner2,16.0,32.0,23.5,differentia=8+policy=TaperedDepthProportionalResolution+target=4096,<function upgma at 0x7f9db0c46790>
264,9,9,[8],5000.0,4976.5,47626,5000.0,5001.0,5000.0,differentia=8+policy=TaperedDepthProportionalResolution+target=4096,<function upgma at 0x7f9db0c46790>
265,10,10,[8],39.5,16.0,Inner1,32.0,48.0,39.5,differentia=8+policy=TaperedDepthProportionalResolution+target=4096,<function upgma at 0x7f9db0c46790>
266,11,11,[10],5000.0,4960.5,47633,5000.0,5001.0,5000.0,differentia=8+policy=TaperedDepthProportionalResolution+target=4096,<function upgma at 0x7f9db0c46790>
267,12,12,[10],5001.0,4961.5,47641,5001.0,5002.0,5001.0,differentia=8+policy=TaperedDepthProportionalResolution+target=4096,<function upgma at 0x7f9db0c46790>
268,13,13,[3],5001.0,4977.5,47642,5001.0,5002.0,5001.0,differentia=8+policy=TaperedDepthProportionalResolution+target=4096,<function upgma at 0x7f9db0c46790>
269,14,14,[2],5001.0,4977.5,47643,5001.0,5002.0,5001.0,differentia=8+policy=TaperedDepthProportionalResolution+target=4096,<function upgma at 0x7f9db0c46790>
270,15,15,[1],5001.0,4977.5,47644,5001.0,5002.0,5001.0,differentia=8+policy=TaperedDepthProportionalResolution+target=4096,<function upgma at 0x7f9db0c46790>
271,16,16,[0],5001.0,4977.5,47645,5001.0,5002.0,5001.0,differentia=8+policy=TaperedDepthProportionalResolution+target=4096,<function upgma at 0x7f9db0c46790>
272,0,0,[None],63.5,63.5,Inner8,0.0,128.0,63.5,differentia=8+policy=TaperedDepthProportionalResolution+target=512,<function upgma at 0x7f9db0c46790>
273,1,1,[0],63.5,0.0,Inner7,0.0,128.0,63.5,differentia=8+policy=TaperedDepthProportionalResolution+target=512,<function upgma at 0x7f9db0c46790>
274,2,2,[1],63.5,0.0,Inner6,0.0,128.0,63.5,differentia=8+policy=TaperedDepthProportionalResolution+target=512,<function upgma at 0x7f9db0c46790>
275,3,3,[2],63.5,0.0,Inner5,0.0,128.0,63.5,differentia=8+policy=TaperedDepthProportionalResolution+target=512,<function upgma at 0x7f9db0c46790>
276,4,4,[3],63.5,0.0,Inner4,0.0,128.0,63.5,differentia=8+policy=TaperedDepthProportionalResolution+target=512,<function upgma at 0x7f9db0c46790>
277,5,5,[4],63.5,0.0,Inner3,0.0,128.0,63.5,differentia=8+policy=TaperedDepthProportionalResolution+target=512,<function upgma at 0x7f9db0c46790>
278,6,6,[5],63.5,0.0,Inner2,0.0,128.0,63.5,differentia=8+policy=TaperedDepthProportionalResolution+target=512,<function upgma at 0x7f9db0c46790>
279,7,7,[6],63.5,0.0,Inner1,0.0,128.0,63.5,differentia=8+policy=TaperedDepthProportionalResolution+target=512,<function upgma at 0x7f9db0c46790>
280,8,8,[7],5000.0,4936.5,47626,5000.0,5001.0,5000.0,differentia=8+policy=TaperedDepthProportionalResolution+target=512,<function upgma at 0x7f9db0c46790>
281,9,9,[7],5000.0,4936.5,47633,5000.0,5001.0,5000.0,differentia=8+policy=TaperedDepthProportionalResolution+target=512,<function upgma at 0x7f9db0c46790>
282,10,10,[6],5001.0,4937.5,47639,5001.0,5002.0,5001.0,differentia=8+policy=TaperedDepthProportionalResolution+target=512,<function upgma at 0x7f9db0c46790>
283,11,11,[5],5001.0,4937.5,47640,5001.0,5002.0,5001.0,differentia=8+policy=TaperedDepthProportionalResolution+target=512,<function upgma at 0x7f9db0c46790>
284,12,12,[4],5001.0,4937.5,47641,5001.0,5002.0,5001.0,differentia=8+policy=TaperedDepthProportionalResolution+target=512,<function upgma at 0x7f9db0c46790>
285,13,13,[3],5001.0,4937.5,47642,5001.0,5002.0,5001.0,differentia=8+policy=TaperedDepthProportionalResolution+target=512,<function upgma at 0x7f9db0c46790>
286,14,14,[2],5001.0,4937.5,47643,5001.0,5002.0,5001.0,differentia=8+policy=TaperedDepthProportionalResolution+target=512,<function upgma at 0x7f9db0c46790>
287,15,15,[1],5001.0,4937.5,47644,5001.0,5002.0,5001.0,differentia=8+policy=TaperedDepthProportionalResolution+target=512,<function upgma at 0x7f9db0c46790>
288,16,16,[0],5001.0,4937.5,47645,5001.0,5002.0,5001.0,differentia=8+policy=TaperedDepthProportionalResolution+target=512,<function upgma at 0x7f9db0c46790>
289,0,0,[None],511.5,511.5,Inner8,0.0,1024.0,511.5,differentia=8+policy=TaperedDepthProportionalResolution+target=64,<function upgma at 0x7f9db0c46790>
290,1,1,[0],511.5,0.0,Inner7,0.0,1024.0,511.5,differentia=8+policy=TaperedDepthProportionalResolution+target=64,<function upgma at 0x7f9db0c46790>
291,2,2,[1],511.5,0.0,Inner6,0.0,1024.0,511.5,differentia=8+policy=TaperedDepthProportionalResolution+target=64,<function upgma at 0x7f9db0c46790>
292,3,3,[2],511.5,0.0,Inner5,0.0,1024.0,511.5,differentia=8+policy=TaperedDepthProportionalResolution+target=64,<function upgma at 0x7f9db0c46790>
293,4,4,[3],511.5,0.0,Inner4,0.0,1024.0,511.5,differentia=8+policy=TaperedDepthProportionalResolution+target=64,<function upgma at 0x7f9db0c46790>
294,5,5,[4],511.5,0.0,Inner3,0.0,1024.0,511.5,differentia=8+policy=TaperedDepthProportionalResolution+target=64,<function upgma at 0x7f9db0c46790>
295,6,6,[5],511.5,0.0,Inner2,0.0,1024.0,511.5,differentia=8+policy=TaperedDepthProportionalResolution+target=64,<function upgma at 0x7f9db0c46790>
296,7,7,[6],511.5,0.0,Inner1,0.0,1024.0,511.5,differentia=8+policy=TaperedDepthProportionalResolution+target=64,<function upgma at 0x7f9db0c46790>
297,8,8,[7],5000.0,4488.5,47626,5000.0,5001.0,5000.0,differentia=8+policy=TaperedDepthProportionalResolution+target=64,<function upgma at 0x7f9db0c46790>
298,9,9,[7],5000.0,4488.5,47633,5000.0,5001.0,5000.0,differentia=8+policy=TaperedDepthProportionalResolution+target=64,<function upgma at 0x7f9db0c46790>
299,10,10,[6],5001.0,4489.5,47639,5001.0,5002.0,5001.0,differentia=8+policy=TaperedDepthProportionalResolution+target=64,<function upgma at 0x7f9db0c46790>
300,11,11,[5],5001.0,4489.5,47640,5001.0,5002.0,5001.0,differentia=8+policy=TaperedDepthProportionalResolution+target=64,<function upgma at 0x7f9db0c46790>
301,12,12,[4],5001.0,4489.5,47641,5001.0,5002.0,5001.0,differentia=8+policy=TaperedDepthProportionalResolution+target=64,<function upgma at 0x7f9db0c46790>
302,13,13,[3],5001.0,4489.5,47642,5001.0,5002.0,5001.0,differentia=8+policy=TaperedDepthProportionalResolution+target=64,<function upgma at 0x7f9db0c46790>
303,14,14,[2],5001.0,4489.5,47643,5001.0,5002.0,5001.0,differentia=8+policy=TaperedDepthProportionalResolution+target=64,<function upgma at 0x7f9db0c46790>
304,15,15,[1],5001.0,4489.5,47644,5001.0,5002.0,5001.0,differentia=8+policy=TaperedDepthProportionalResolution+target=64,<function upgma at 0x7f9db0c46790>
305,16,16,[0],5001.0,4489.5,47645,5001.0,5002.0,5001.0,differentia=8+policy=TaperedDepthProportionalResolution+target=64,<function upgma at 0x7f9db0c46790>
